chamberID,region,chamber,layer,etaPartition,matchedRecHit,propHit,AVG_CLS
GE11-P-21L1-S,1,21,1,1,12,20,1.41666666667
GE11-P-21L1-S,1,21,1,2,14,20,1.64285714286
GE11-P-21L1-S,1,21,1,3,9,11,1.88888888889
GE11-P-21L1-S,1,21,1,4,11,12,2.18181818182
GE11-P-21L1-S,1,21,1,5,3,6,1.0
GE11-P-21L1-S,1,21,1,6,2,5,1.5
GE11-P-21L1-S,1,21,1,7,1,1,3.0
GE11-P-21L1-S,1,21,1,8,4,6,1.25
GE11-P-21L2-S,1,21,2,1,15,17,1.73333333333
GE11-P-21L2-S,1,21,2,2,22,25,2.22727272727
GE11-P-21L2-S,1,21,2,3,11,17,1.54545454545
GE11-P-21L2-S,1,21,2,4,21,23,2.42857142857
GE11-P-21L2-S,1,21,2,5,14,20,2.57142857143
GE11-P-21L2-S,1,21,2,6,5,14,1.4
GE11-P-21L2-S,1,21,2,7,4,8,1.5
GE11-P-21L2-S,1,21,2,8,4,10,1.25
GE11-P-01L1-S,1,1,1,1,22,24,2.40909090909
GE11-P-01L1-S,1,1,1,2,33,34,2.51515151515
GE11-P-01L1-S,1,1,1,3,19,22,3.10526315789
GE11-P-01L1-S,1,1,1,4,9,10,3.44444444444
GE11-P-01L1-S,1,1,1,5,8,9,3.25
GE11-P-01L1-S,1,1,1,6,7,7,5.14285714286
GE11-P-01L1-S,1,1,1,7,5,6,2.0
GE11-P-01L1-S,1,1,1,8,8,8,3.125
GE11-P-01L2-S,1,1,2,1,21,26,2.14285714286
GE11-P-01L2-S,1,1,2,2,33,36,2.12121212121
GE11-P-01L2-S,1,1,2,3,15,16,2.33333333333
GE11-P-01L2-S,1,1,2,4,8,10,2.25
GE11-P-01L2-S,1,1,2,5,8,8,2.5
GE11-P-01L2-S,1,1,2,6,7,8,3.14285714286
GE11-P-01L2-S,1,1,2,7,5,6,3.4
GE11-P-01L2-S,1,1,2,8,8,8,3.0
GE11-P-22L1-L,1,22,1,1,28,31,2.57142857143
GE11-P-22L1-L,1,22,1,2,76,81,2.81333333333
GE11-P-22L1-L,1,22,1,3,55,55,3.6
GE11-P-22L1-L,1,22,1,4,51,54,4.32
GE11-P-22L1-L,1,22,1,5,33,35,3.66666666667
GE11-P-22L1-L,1,22,1,6,32,36,3.74193548387
GE11-P-22L1-L,1,22,1,7,31,35,3.83870967742
GE11-P-22L1-L,1,22,1,8,18,20,4.33333333333
GE11-P-22L2-L,1,22,2,1,32,36,2.25
GE11-P-22L2-L,1,22,2,2,84,90,2.10714285714
GE11-P-22L2-L,1,22,2,3,50,54,3.22448979592
GE11-P-22L2-L,1,22,2,4,52,60,3.54901960784
GE11-P-22L2-L,1,22,2,5,28,29,4.07142857143
GE11-P-22L2-L,1,22,2,6,32,36,2.96875
GE11-P-22L2-L,1,22,2,7,27,31,3.51851851852
GE11-P-22L2-L,1,22,2,8,18,19,3.11111111111
GE11-P-02L1-L,1,2,1,1,45,51,2.02222222222
GE11-P-02L1-L,1,2,1,2,39,51,2.92307692308
GE11-P-02L1-L,1,2,1,3,45,50,2.97727272727
GE11-P-02L1-L,1,2,1,4,26,28,2.26923076923
GE11-P-02L1-L,1,2,1,5,23,26,2.60869565217
GE11-P-02L1-L,1,2,1,6,15,20,2.33333333333
GE11-P-02L1-L,1,2,1,7,7,9,2.57142857143
GE11-P-02L1-L,1,2,1,8,10,12,3.3
GE11-P-02L2-L,1,2,2,1,50,55,2.44
GE11-P-02L2-L,1,2,2,2,44,56,2.20454545455
GE11-P-02L2-L,1,2,2,3,45,48,2.5
GE11-P-02L2-L,1,2,2,4,31,33,2.87096774194
GE11-P-02L2-L,1,2,2,5,24,26,2.91666666667
GE11-P-02L2-L,1,2,2,6,20,20,2.4
GE11-P-02L2-L,1,2,2,7,8,10,2.25
GE11-P-02L2-L,1,2,2,8,10,12,2.4
GE11-P-23L1-S,1,23,1,1,32,36,2.3125
GE11-P-23L1-S,1,23,1,2,54,56,2.27777777778
GE11-P-23L1-S,1,23,1,3,42,48,2.54761904762
GE11-P-23L1-S,1,23,1,4,45,52,2.73333333333
GE11-P-23L1-S,1,23,1,5,27,32,2.37037037037
GE11-P-23L1-S,1,23,1,6,27,29,2.22222222222
GE11-P-23L1-S,1,23,1,7,18,21,1.83333333333
GE11-P-23L1-S,1,23,1,8,12,20,2.25
GE11-P-23L2-S,1,23,2,1,33,49,1.87878787879
GE11-P-23L2-S,1,23,2,2,45,53,1.68888888889
GE11-P-23L2-S,1,23,2,3,31,45,2.12903225806
GE11-P-23L2-S,1,23,2,4,34,42,1.97058823529
GE11-P-23L2-S,1,23,2,5,29,40,1.86206896552
GE11-P-23L2-S,1,23,2,6,23,33,1.68181818182
GE11-P-23L2-S,1,23,2,7,18,23,1.66666666667
GE11-P-23L2-S,1,23,2,8,14,16,1.57142857143
GE11-P-24L1-L,1,24,1,1,51,63,1.76470588235
GE11-P-24L1-L,1,24,1,2,108,135,2.27777777778
GE11-P-24L1-L,1,24,1,3,101,110,2.71
GE11-P-24L1-L,1,24,1,4,94,100,2.72340425532
GE11-P-24L1-L,1,24,1,5,74,78,3.54054054054
GE11-P-24L1-L,1,24,1,6,59,64,3.15254237288
GE11-P-24L1-L,1,24,1,7,49,56,3.30612244898
GE11-P-24L1-L,1,24,1,8,40,41,2.84615384615
GE11-P-24L2-L,1,24,2,1,32,82,1.84375
GE11-P-24L2-L,1,24,2,2,23,82,1.5652173913
GE11-P-24L2-L,1,24,2,3,41,78,1.73170731707
GE11-P-24L2-L,1,24,2,4,48,70,1.52083333333
GE11-P-24L2-L,1,24,2,5,12,17,1.33333333333
GE11-P-24L2-L,1,24,2,6,5,11,2.0
GE11-P-24L2-L,1,24,2,7,5,12,1.8
GE11-P-24L2-L,1,24,2,8,22,38,1.77272727273
GE11-P-04L1-L,1,4,1,1,29,46,1.79310344828
GE11-P-04L1-L,1,4,1,2,42,64,1.7380952381
GE11-P-04L1-L,1,4,1,3,54,61,2.58490566038
GE11-P-04L1-L,1,4,1,4,40,42,2.975
GE11-P-04L1-L,1,4,1,5,21,21,2.90476190476
GE11-P-04L1-L,1,4,1,6,11,11,2.45454545455
GE11-P-04L1-L,1,4,1,7,7,7,3.14285714286
GE11-P-04L1-L,1,4,1,8,11,11,3.0
GE11-P-04L2-L,1,4,2,1,37,52,1.78378378378
GE11-P-04L2-L,1,4,2,2,23,73,2.5652173913
GE11-P-04L2-L,1,4,2,3,36,56,2.30555555556
GE11-P-04L2-L,1,4,2,4,34,43,2.76470588235
GE11-P-04L2-L,1,4,2,5,14,17,2.28571428571
GE11-P-04L2-L,1,4,2,6,11,11,2.27272727273
GE11-P-04L2-L,1,4,2,7,13,15,3.38461538462
GE11-P-04L2-L,1,4,2,8,8,8,3.5
GE11-P-25L1-S,1,25,1,1,44,49,2.06976744186
GE11-P-25L1-S,1,25,1,2,79,84,2.15384615385
GE11-P-25L1-S,1,25,1,3,63,74,1.95238095238
GE11-P-25L1-S,1,25,1,4,76,80,2.35526315789
GE11-P-25L1-S,1,25,1,5,45,55,2.15555555556
GE11-P-25L1-S,1,25,1,6,51,58,2.01960784314
GE11-P-25L1-S,1,25,1,7,35,43,1.91428571429
GE11-P-25L1-S,1,25,1,8,28,31,1.71428571429
GE11-P-25L2-S,1,25,2,1,47,52,1.65217391304
GE11-P-25L2-S,1,25,2,2,96,100,2.29166666667
GE11-P-25L2-S,1,25,2,3,73,83,2.42465753425
GE11-P-25L2-S,1,25,2,4,71,76,3.0
GE11-P-25L2-S,1,25,2,5,66,73,2.34848484848
GE11-P-25L2-S,1,25,2,6,57,60,2.24561403509
GE11-P-25L2-S,1,25,2,7,42,47,2.54761904762
GE11-P-25L2-S,1,25,2,8,33,37,2.75757575758
GE11-P-05L1-S,1,5,1,1,43,51,1.90697674419
GE11-P-05L1-S,1,5,1,2,37,48,1.94594594595
GE11-P-05L1-S,1,5,1,3,34,40,2.73529411765
GE11-P-05L1-S,1,5,1,4,39,40,2.41025641026
GE11-P-05L1-S,1,5,1,5,24,25,2.125
GE11-P-05L1-S,1,5,1,6,9,10,3.0
GE11-P-05L1-S,1,5,1,7,12,13,2.58333333333
GE11-P-05L1-S,1,5,1,8,9,11,2.55555555556
GE11-P-05L2-S,1,5,2,1,52,58,3.03846153846
GE11-P-05L2-S,1,5,2,2,49,53,2.79591836735
GE11-P-05L2-S,1,5,2,3,47,51,2.93617021277
GE11-P-05L2-S,1,5,2,4,40,40,3.475
GE11-P-05L2-S,1,5,2,5,29,30,3.51724137931
GE11-P-05L2-S,1,5,2,6,8,10,3.5
GE11-P-05L2-S,1,5,2,7,7,9,3.28571428571
GE11-P-05L2-S,1,5,2,8,7,9,4.0
GE11-P-26L1-L,1,26,1,1,29,35,1.93103448276
GE11-P-26L1-L,1,26,1,2,84,108,2.19047619048
GE11-P-26L1-L,1,26,1,3,94,108,2.90322580645
GE11-P-26L1-L,1,26,1,4,104,116,3.57281553398
GE11-P-26L1-L,1,26,1,5,69,76,3.4347826087
GE11-P-26L1-L,1,26,1,6,66,77,3.60606060606
GE11-P-26L1-L,1,26,1,7,48,52,3.58333333333
GE11-P-26L1-L,1,26,1,8,0,0,0.0
GE11-P-26L2-L,1,26,2,1,64,83,1.75
GE11-P-26L2-L,1,26,2,2,97,125,1.70103092784
GE11-P-26L2-L,1,26,2,3,159,176,2.62264150943
GE11-P-26L2-L,1,26,2,4,136,166,2.61764705882
GE11-P-26L2-L,1,26,2,5,98,123,2.18367346939
GE11-P-26L2-L,1,26,2,6,73,101,2.43835616438
GE11-P-26L2-L,1,26,2,7,50,73,2.5
GE11-P-26L2-L,1,26,2,8,38,60,2.05263157895
GE11-P-06L1-L,1,6,1,1,50,62,1.92
GE11-P-06L1-L,1,6,1,2,91,124,2.03296703297
GE11-P-06L1-L,1,6,1,3,71,80,2.15492957746
GE11-P-06L1-L,1,6,1,4,95,101,3.14736842105
GE11-P-06L1-L,1,6,1,5,67,69,2.73134328358
GE11-P-06L1-L,1,6,1,6,59,64,3.49152542373
GE11-P-06L1-L,1,6,1,7,35,39,3.65714285714
GE11-P-06L1-L,1,6,1,8,32,34,2.8125
GE11-P-06L2-L,1,6,2,1,70,74,3.25714285714
GE11-P-06L2-L,1,6,2,2,115,129,2.79130434783
GE11-P-06L2-L,1,6,2,3,81,84,3.85
GE11-P-06L2-L,1,6,2,4,100,105,4.18
GE11-P-06L2-L,1,6,2,5,65,68,4.29230769231
GE11-P-06L2-L,1,6,2,6,63,65,4.19672131148
GE11-P-06L2-L,1,6,2,7,38,39,3.86842105263
GE11-P-06L2-L,1,6,2,8,33,34,4.09090909091
GE11-P-27L1-S,1,27,1,1,50,55,1.96
GE11-P-27L1-S,1,27,1,2,77,85,2.1038961039
GE11-P-27L1-S,1,27,1,3,107,113,2.28037383178
GE11-P-27L1-S,1,27,1,4,79,117,2.53164556962
GE11-P-27L1-S,1,27,1,5,87,94,2.55172413793
GE11-P-27L1-S,1,27,1,6,72,79,2.80555555556
GE11-P-27L1-S,1,27,1,7,56,66,2.5
GE11-P-27L1-S,1,27,1,8,39,44,2.48717948718
GE11-P-07L1-S,1,7,1,1,0,0,0.0
GE11-P-07L1-S,1,7,1,2,43,44,2.53488372093
GE11-P-07L1-S,1,7,1,3,28,28,3.17857142857
GE11-P-07L1-S,1,7,1,4,34,37,3.44117647059
GE11-P-07L1-S,1,7,1,5,31,33,3.35483870968
GE11-P-07L1-S,1,7,1,6,22,24,3.72727272727
GE11-P-07L1-S,1,7,1,7,19,20,2.94736842105
GE11-P-07L1-S,1,7,1,8,13,14,3.61538461538
GE11-P-07L2-S,1,7,2,1,43,43,2.39534883721
GE11-P-07L2-S,1,7,2,2,73,75,2.1095890411
GE11-P-07L2-S,1,7,2,3,62,66,2.64516129032
GE11-P-07L2-S,1,7,2,4,33,36,2.90909090909
GE11-P-07L2-S,1,7,2,5,31,33,3.67741935484
GE11-P-07L2-S,1,7,2,6,25,27,3.36
GE11-P-07L2-S,1,7,2,7,17,18,3.11764705882
GE11-P-07L2-S,1,7,2,8,17,18,3.35294117647
GE11-P-28L1-L,1,28,1,1,42,59,1.92857142857
GE11-P-28L1-L,1,28,1,2,170,225,1.74705882353
GE11-P-28L1-L,1,28,1,3,211,238,2.18483412322
GE11-P-28L1-L,1,28,1,4,102,112,2.47058823529
GE11-P-28L1-L,1,28,1,5,131,149,2.74045801527
GE11-P-28L1-L,1,28,1,6,112,128,3.22321428571
GE11-P-28L1-L,1,28,1,7,81,88,2.8625
GE11-P-28L1-L,1,28,1,8,65,76,2.95384615385
GE11-P-28L2-L,1,28,2,1,43,52,1.6976744186
GE11-P-28L2-L,1,28,2,2,178,266,1.96629213483
GE11-P-28L2-L,1,28,2,3,165,226,2.03636363636
GE11-P-28L2-L,1,28,2,4,98,174,1.82653061224
GE11-P-28L2-L,1,28,2,5,97,149,1.76288659794
GE11-P-28L2-L,1,28,2,6,71,116,1.80281690141
GE11-P-28L2-L,1,28,2,7,64,102,1.625
GE11-P-28L2-L,1,28,2,8,54,88,1.38888888889
GE11-P-08L1-L,1,8,1,1,44,45,3.04545454545
GE11-P-08L1-L,1,8,1,2,119,123,2.83193277311
GE11-P-08L1-L,1,8,1,3,68,72,3.02941176471
GE11-P-08L1-L,1,8,1,4,83,87,3.79012345679
GE11-P-08L1-L,1,8,1,5,64,68,2.890625
GE11-P-08L1-L,1,8,1,6,38,42,3.02631578947
GE11-P-08L1-L,1,8,1,7,32,35,3.3125
GE11-P-08L1-L,1,8,1,8,29,34,3.93103448276
GE11-P-08L2-L,1,8,2,1,40,52,1.85
GE11-P-08L2-L,1,8,2,2,105,138,2.0
GE11-P-08L2-L,1,8,2,3,71,81,1.97183098592
GE11-P-08L2-L,1,8,2,4,68,81,2.52941176471
GE11-P-08L2-L,1,8,2,5,62,65,2.41935483871
GE11-P-08L2-L,1,8,2,6,36,40,2.22222222222
GE11-P-08L2-L,1,8,2,7,40,42,2.225
GE11-P-08L2-L,1,8,2,8,24,36,2.04166666667
GE11-P-29L1-S,1,29,1,1,33,36,1.78787878788
GE11-P-29L1-S,1,29,1,2,86,91,1.75581395349
GE11-P-29L1-S,1,29,1,3,98,109,1.84693877551
GE11-P-29L1-S,1,29,1,4,105,116,2.81904761905
GE11-P-29L1-S,1,29,1,5,108,123,2.47222222222
GE11-P-29L1-S,1,29,1,6,74,78,2.75675675676
GE11-P-29L1-S,1,29,1,7,54,60,2.48148148148
GE11-P-29L1-S,1,29,1,8,52,59,2.15384615385
GE11-P-29L2-S,1,29,2,1,29,37,1.51724137931
GE11-P-29L2-S,1,29,2,2,68,88,1.80882352941
GE11-P-29L2-S,1,29,2,3,101,126,2.0198019802
GE11-P-29L2-S,1,29,2,4,114,132,2.32456140351
GE11-P-29L2-S,1,29,2,5,88,99,2.34090909091
GE11-P-29L2-S,1,29,2,6,65,81,2.55384615385
GE11-P-29L2-S,1,29,2,7,58,65,2.22413793103
GE11-P-29L2-S,1,29,2,8,44,50,2.36363636364
GE11-P-09L1-S,1,9,1,1,34,38,2.11764705882
GE11-P-09L1-S,1,9,1,2,69,80,2.46376811594
GE11-P-09L1-S,1,9,1,3,61,68,2.75409836066
GE11-P-09L1-S,1,9,1,4,51,56,2.86274509804
GE11-P-09L1-S,1,9,1,5,32,40,2.6875
GE11-P-09L1-S,1,9,1,6,22,27,2.81818181818
GE11-P-09L1-S,1,9,1,7,21,26,2.7619047619
GE11-P-09L1-S,1,9,1,8,11,16,2.81818181818
GE11-P-09L2-S,1,9,2,1,30,43,1.8
GE11-P-09L2-S,1,9,2,2,68,77,1.66176470588
GE11-P-09L2-S,1,9,2,3,81,89,2.0
GE11-P-09L2-S,1,9,2,4,65,71,2.35384615385
GE11-P-09L2-S,1,9,2,5,51,56,2.0
GE11-P-09L2-S,1,9,2,6,32,36,1.8125
GE11-P-09L2-S,1,9,2,7,24,27,1.95652173913
GE11-P-09L2-S,1,9,2,8,13,19,2.0
GE11-P-30L1-L,1,30,1,1,44,51,2.45454545455
GE11-P-30L1-L,1,30,1,2,120,174,2.10833333333
GE11-P-30L1-L,1,30,1,3,153,170,2.39215686275
GE11-P-30L1-L,1,30,1,4,147,162,2.81632653061
GE11-P-30L1-L,1,30,1,5,101,111,3.31
GE11-P-30L1-L,1,30,1,6,89,95,3.19101123596
GE11-P-30L1-L,1,30,1,7,56,64,2.6
GE11-P-30L1-L,1,30,1,8,41,58,2.36585365854
GE11-P-30L2-L,1,30,2,1,61,80,2.81967213115
GE11-P-30L2-L,1,30,2,2,98,188,2.52040816327
GE11-P-30L2-L,1,30,2,3,143,187,2.83216783217
GE11-P-30L2-L,1,30,2,4,140,161,3.02877697842
GE11-P-30L2-L,1,30,2,5,97,110,3.05154639175
GE11-P-30L2-L,1,30,2,6,77,88,3.33766233766
GE11-P-30L2-L,1,30,2,7,53,63,2.51923076923
GE11-P-30L2-L,1,30,2,8,52,63,2.65384615385
GE11-P-10L1-L,1,10,1,1,39,41,2.92307692308
GE11-P-10L1-L,1,10,1,2,134,137,2.80597014925
GE11-P-10L1-L,1,10,1,3,118,125,3.92307692308
GE11-P-10L1-L,1,10,1,4,115,120,4.06956521739
GE11-P-10L1-L,1,10,1,5,86,87,4.11627906977
GE11-P-10L1-L,1,10,1,6,58,60,4.41379310345
GE11-P-10L1-L,1,10,1,7,67,69,4.0
GE11-P-10L1-L,1,10,1,8,36,40,3.97222222222
GE11-P-10L2-L,1,10,2,1,48,56,2.20833333333
GE11-P-10L2-L,1,10,2,2,146,164,2.52054794521
GE11-P-10L2-L,1,10,2,3,118,126,2.90677966102
GE11-P-10L2-L,1,10,2,4,115,123,3.3652173913
GE11-P-10L2-L,1,10,2,5,75,78,3.54666666667
GE11-P-10L2-L,1,10,2,6,64,67,3.71875
GE11-P-10L2-L,1,10,2,7,76,77,3.39473684211
GE11-P-10L2-L,1,10,2,8,40,44,3.475
GE11-P-31L1-S,1,31,1,1,36,38,1.41666666667
GE11-P-31L1-S,1,31,1,2,73,77,2.17808219178
GE11-P-31L1-S,1,31,1,3,87,90,2.11627906977
GE11-P-31L1-S,1,31,1,4,74,79,2.85135135135
GE11-P-31L1-S,1,31,1,5,47,49,2.48936170213
GE11-P-31L1-S,1,31,1,6,50,60,2.42
GE11-P-31L1-S,1,31,1,7,33,38,2.48484848485
GE11-P-31L1-S,1,31,1,8,26,30,1.92307692308
GE11-P-31L2-S,1,31,2,1,38,56,1.57894736842
GE11-P-31L2-S,1,31,2,2,61,84,1.81967213115
GE11-P-31L2-S,1,31,2,3,88,95,1.85227272727
GE11-P-31L2-S,1,31,2,4,71,78,2.04225352113
GE11-P-31L2-S,1,31,2,5,48,56,1.83333333333
GE11-P-31L2-S,1,31,2,6,45,54,1.8
GE11-P-31L2-S,1,31,2,7,28,32,2.03571428571
GE11-P-31L2-S,1,31,2,8,17,22,1.76470588235
GE11-P-11L1-S,1,11,1,1,12,22,1.66666666667
GE11-P-11L1-S,1,11,1,2,35,54,1.6
GE11-P-11L1-S,1,11,1,3,24,34,1.79166666667
GE11-P-11L1-S,1,11,1,4,35,45,1.77142857143
GE11-P-11L1-S,1,11,1,5,21,30,1.7619047619
GE11-P-11L1-S,1,11,1,6,15,21,1.46666666667
GE11-P-11L1-S,1,11,1,7,9,14,1.66666666667
GE11-P-11L1-S,1,11,1,8,10,13,2.3
GE11-P-11L2-S,1,11,2,1,26,29,2.23076923077
GE11-P-11L2-S,1,11,2,2,48,51,2.46808510638
GE11-P-11L2-S,1,11,2,3,41,42,2.125
GE11-P-11L2-S,1,11,2,4,44,46,2.97727272727
GE11-P-11L2-S,1,11,2,5,28,34,3.5
GE11-P-11L2-S,1,11,2,6,19,20,2.63157894737
GE11-P-11L2-S,1,11,2,7,12,15,2.5
GE11-P-11L2-S,1,11,2,8,12,14,3.33333333333
GE11-P-32L1-L,1,32,1,1,40,60,1.25
GE11-P-32L1-L,1,32,1,2,78,132,1.46153846154
GE11-P-32L1-L,1,32,1,3,90,121,1.92222222222
GE11-P-32L1-L,1,32,1,4,94,107,2.32258064516
GE11-P-32L1-L,1,32,1,5,61,67,2.6393442623
GE11-P-32L1-L,1,32,1,6,53,63,2.64150943396
GE11-P-32L1-L,1,32,1,7,38,42,2.36842105263
GE11-P-32L1-L,1,32,1,8,21,32,2.38095238095
GE11-P-32L2-L,1,32,2,1,52,80,1.65384615385
GE11-P-32L2-L,1,32,2,2,94,131,1.75531914894
GE11-P-32L2-L,1,32,2,3,108,125,2.40740740741
GE11-P-32L2-L,1,32,2,4,84,96,2.31325301205
GE11-P-32L2-L,1,32,2,5,44,59,2.02272727273
GE11-P-32L2-L,1,32,2,6,48,59,2.79166666667
GE11-P-32L2-L,1,32,2,7,35,36,2.94285714286
GE11-P-32L2-L,1,32,2,8,32,40,2.09375
GE11-P-12L1-L,1,12,1,1,20,22,1.75
GE11-P-12L1-L,1,12,1,2,68,68,2.23529411765
GE11-P-12L1-L,1,12,1,3,70,78,2.67142857143
GE11-P-12L1-L,1,12,1,4,55,61,2.69090909091
GE11-P-12L1-L,1,12,1,5,42,52,2.9512195122
GE11-P-12L1-L,1,12,1,6,38,42,3.26315789474
GE11-P-12L1-L,1,12,1,7,24,25,3.41666666667
GE11-P-12L1-L,1,12,1,8,19,20,2.73684210526
GE11-P-12L2-L,1,12,2,1,28,30,3.53571428571
GE11-P-12L2-L,1,12,2,2,43,82,4.0
GE11-P-12L2-L,1,12,2,3,43,81,3.3488372093
GE11-P-12L2-L,1,12,2,4,28,60,4.64285714286
GE11-P-12L2-L,1,12,2,5,40,49,3.58974358974
GE11-P-12L2-L,1,12,2,6,33,35,4.51515151515
GE11-P-12L2-L,1,12,2,7,22,22,4.54545454545
GE11-P-12L2-L,1,12,2,8,20,22,3.65
GE11-P-33L1-S,1,33,1,1,38,38,2.39473684211
GE11-P-33L1-S,1,33,1,2,45,50,1.84444444444
GE11-P-33L1-S,1,33,1,3,49,53,2.30612244898
GE11-P-33L1-S,1,33,1,4,34,36,2.88235294118
GE11-P-33L1-S,1,33,1,5,33,36,3.0303030303
GE11-P-33L1-S,1,33,1,6,30,31,3.33333333333
GE11-P-33L1-S,1,33,1,7,16,20,2.5625
GE11-P-33L1-S,1,33,1,8,10,11,2.6
GE11-P-33L2-S,1,33,2,1,38,39,3.21621621622
GE11-P-33L2-S,1,33,2,2,48,51,3.33333333333
GE11-P-33L2-S,1,33,2,3,51,54,3.41176470588
GE11-P-33L2-S,1,33,2,4,43,45,3.3488372093
GE11-P-33L2-S,1,33,2,5,31,32,3.93548387097
GE11-P-33L2-S,1,33,2,6,32,32,3.90625
GE11-P-33L2-S,1,33,2,7,17,18,3.70588235294
GE11-P-33L2-S,1,33,2,8,16,17,3.26666666667
GE11-P-13L2-S,1,13,2,1,41,43,2.19512195122
GE11-P-13L2-S,1,13,2,2,56,60,2.78571428571
GE11-P-13L2-S,1,13,2,3,50,54,2.44
GE11-P-13L2-S,1,13,2,4,39,44,3.12820512821
GE11-P-13L2-S,1,13,2,5,31,35,3.13333333333
GE11-P-13L2-S,1,13,2,6,18,23,2.55555555556
GE11-P-13L2-S,1,13,2,7,13,14,3.30769230769
GE11-P-13L2-S,1,13,2,8,10,12,3.0
GE11-P-34L1-L,1,34,1,1,31,36,2.8064516129
GE11-P-34L1-L,1,34,1,2,58,94,2.05172413793
GE11-P-34L1-L,1,34,1,3,42,50,1.95238095238
GE11-P-34L1-L,1,34,1,4,46,53,2.71739130435
GE11-P-34L1-L,1,34,1,5,29,32,3.24137931034
GE11-P-34L1-L,1,34,1,6,26,30,2.34615384615
GE11-P-34L1-L,1,34,1,7,13,15,2.30769230769
GE11-P-34L1-L,1,34,1,8,17,23,2.47058823529
GE11-P-34L2-L,1,34,2,1,35,49,2.11428571429
GE11-P-34L2-L,1,34,2,2,60,93,1.89830508475
GE11-P-34L2-L,1,34,2,3,41,53,2.26829268293
GE11-P-34L2-L,1,34,2,4,49,56,2.57142857143
GE11-P-34L2-L,1,34,2,5,29,30,2.8275862069
GE11-P-34L2-L,1,34,2,6,34,34,3.02941176471
GE11-P-34L2-L,1,34,2,7,20,24,3.25
GE11-P-34L2-L,1,34,2,8,24,26,3.125
GE11-P-14L2-L,1,14,2,1,13,26,2.07692307692
GE11-P-14L2-L,1,14,2,2,31,75,1.90322580645
GE11-P-14L2-L,1,14,2,3,36,58,1.86111111111
GE11-P-14L2-L,1,14,2,4,42,51,3.0
GE11-P-14L2-L,1,14,2,5,25,29,3.0
GE11-P-14L2-L,1,14,2,6,29,30,2.72413793103
GE11-P-14L2-L,1,14,2,7,17,23,2.82352941176
GE11-P-14L2-L,1,14,2,8,15,17,3.2
GE11-P-35L1-S,1,35,1,1,26,27,2.61538461538
GE11-P-35L1-S,1,35,1,2,32,33,3.09375
GE11-P-35L1-S,1,35,1,3,31,31,2.83870967742
GE11-P-35L1-S,1,35,1,4,18,19,4.05555555556
GE11-P-35L1-S,1,35,1,5,17,18,3.64705882353
GE11-P-35L1-S,1,35,1,6,19,20,4.0
GE11-P-35L1-S,1,35,1,7,9,9,4.55555555556
GE11-P-35L1-S,1,35,1,8,15,15,2.53333333333
GE11-P-35L2-S,1,35,2,1,27,28,2.11111111111
GE11-P-35L2-S,1,35,2,2,27,30,1.81481481481
GE11-P-35L2-S,1,35,2,3,26,30,2.30769230769
GE11-P-35L2-S,1,35,2,4,22,22,3.0
GE11-P-35L2-S,1,35,2,5,16,17,3.125
GE11-P-35L2-S,1,35,2,6,20,21,2.73684210526
GE11-P-35L2-S,1,35,2,7,9,9,3.0
GE11-P-35L2-S,1,35,2,8,13,14,3.30769230769
GE11-P-15L1-S,1,15,1,1,11,13,2.81818181818
GE11-P-15L1-S,1,15,1,2,15,17,2.06666666667
GE11-P-15L1-S,1,15,1,3,16,23,2.1875
GE11-P-15L1-S,1,15,1,4,8,12,2.125
GE11-P-15L1-S,1,15,1,5,9,14,1.88888888889
GE11-P-15L1-S,1,15,1,6,8,9,2.25
GE11-P-15L1-S,1,15,1,7,3,4,2.0
GE11-P-15L1-S,1,15,1,8,2,3,4.0
GE11-P-15L2-S,1,15,2,1,15,16,2.0
GE11-P-15L2-S,1,15,2,2,14,15,1.71428571429
GE11-P-15L2-S,1,15,2,3,16,22,2.625
GE11-P-15L2-S,1,15,2,4,13,14,2.30769230769
GE11-P-15L2-S,1,15,2,5,6,8,1.83333333333
GE11-P-15L2-S,1,15,2,6,7,8,3.14285714286
GE11-P-15L2-S,1,15,2,7,5,5,2.6
GE11-P-15L2-S,1,15,2,8,3,3,1.66666666667
GE11-P-36L1-L,1,36,1,1,53,59,2.59615384615
GE11-P-36L1-L,1,36,1,2,59,69,2.6724137931
GE11-P-36L1-L,1,36,1,3,56,59,2.75
GE11-P-36L1-L,1,36,1,4,33,38,3.30303030303
GE11-P-36L1-L,1,36,1,5,25,25,3.52
GE11-P-36L1-L,1,36,1,6,18,20,2.44444444444
GE11-P-36L1-L,1,36,1,7,17,18,3.41176470588
GE11-P-36L1-L,1,36,1,8,12,17,2.91666666667
GE11-P-36L2-L,1,36,2,1,57,66,1.84210526316
GE11-P-36L2-L,1,36,2,2,65,71,2.63076923077
GE11-P-36L2-L,1,36,2,3,45,53,2.04444444444
GE11-P-36L2-L,1,36,2,4,33,40,2.72727272727
GE11-P-36L2-L,1,36,2,5,18,20,3.22222222222
GE11-P-36L2-L,1,36,2,6,16,19,2.5625
GE11-P-36L2-L,1,36,2,7,17,18,1.76470588235
GE11-P-36L2-L,1,36,2,8,8,17,1.75
GE11-P-16L1-L,1,16,1,1,18,31,1.61111111111
GE11-P-16L1-L,1,16,1,2,19,36,1.15789473684
GE11-P-16L1-L,1,16,1,3,14,27,2.07142857143
GE11-P-16L1-L,1,16,1,4,16,21,1.75
GE11-P-16L1-L,1,16,1,5,9,11,1.66666666667
GE11-P-16L1-L,1,16,1,6,4,5,2.0
GE11-P-16L1-L,1,16,1,7,7,12,1.28571428571
GE11-P-16L1-L,1,16,1,8,6,11,1.5
GE11-P-16L2-L,1,16,2,1,24,29,2.125
GE11-P-16L2-L,1,16,2,2,20,41,2.2
GE11-P-16L2-L,1,16,2,3,23,26,2.91304347826
GE11-P-16L2-L,1,16,2,4,18,23,2.61111111111
GE11-P-16L2-L,1,16,2,5,8,9,4.25
GE11-P-16L2-L,1,16,2,6,5,8,2.2
GE11-P-16L2-L,1,16,2,7,8,9,3.0
GE11-P-16L2-L,1,16,2,8,12,12,3.33333333333
GE11-P-17L1-S,1,17,1,1,12,16,1.5
GE11-P-17L1-S,1,17,1,2,10,18,2.4
GE11-P-17L1-S,1,17,1,3,9,12,2.0
GE11-P-17L1-S,1,17,1,4,9,11,1.88888888889
GE11-P-17L1-S,1,17,1,5,7,8,2.57142857143
GE11-P-17L1-S,1,17,1,6,6,6,3.0
GE11-P-17L1-S,1,17,1,7,1,2,6.0
GE11-P-17L1-S,1,17,1,8,2,5,4.0
GE11-P-17L2-S,1,17,2,1,16,20,2.5625
GE11-P-17L2-S,1,17,2,2,16,17,2.25
GE11-P-17L2-S,1,17,2,3,12,15,2.41666666667
GE11-P-17L2-S,1,17,2,4,5,5,3.0
GE11-P-17L2-S,1,17,2,5,1,2,3.0
GE11-P-17L2-S,1,17,2,6,5,6,3.6
GE11-P-17L2-S,1,17,2,7,3,3,2.33333333333
GE11-P-17L2-S,1,17,2,8,3,5,2.33333333333
GE11-P-18L1-L,1,18,1,1,17,23,1.94117647059
GE11-P-18L1-L,1,18,1,2,23,29,2.69565217391
GE11-P-18L1-L,1,18,1,3,11,13,1.90909090909
GE11-P-18L1-L,1,18,1,4,19,22,2.31578947368
GE11-P-18L1-L,1,18,1,5,5,5,2.8
GE11-P-18L1-L,1,18,1,6,3,4,4.33333333333
GE11-P-18L1-L,1,18,1,7,10,10,2.3
GE11-P-18L1-L,1,18,1,8,9,10,2.66666666667
GE11-P-18L2-L,1,18,2,1,0,26,0.0
GE11-P-18L2-L,1,18,2,2,1,26,1.0
GE11-P-18L2-L,1,18,2,3,3,11,1.66666666667
GE11-P-18L2-L,1,18,2,4,6,20,1.16666666667
GE11-P-18L2-L,1,18,2,5,5,10,1.4
GE11-P-18L2-L,1,18,2,6,1,3,2.0
GE11-P-18L2-L,1,18,2,7,4,9,1.5
GE11-P-18L2-L,1,18,2,8,3,11,1.33333333333
GE11-P-19L1-S,1,19,1,1,21,21,2.2380952381
GE11-P-19L1-S,1,19,1,2,18,25,2.33333333333
GE11-P-19L1-S,1,19,1,3,14,17,2.64285714286
GE11-P-19L1-S,1,19,1,4,12,13,4.25
GE11-P-19L1-S,1,19,1,5,7,7,2.71428571429
GE11-P-19L1-S,1,19,1,6,6,7,2.66666666667
GE11-P-19L1-S,1,19,1,7,2,2,2.5
GE11-P-19L1-S,1,19,1,8,4,4,1.75
GE11-P-19L2-S,1,19,2,1,17,22,2.23529411765
GE11-P-19L2-S,1,19,2,2,24,26,2.08695652174
GE11-P-19L2-S,1,19,2,3,11,16,1.27272727273
GE11-P-19L2-S,1,19,2,4,10,15,3.6
GE11-P-19L2-S,1,19,2,5,4,5,2.25
GE11-P-19L2-S,1,19,2,6,6,6,1.5
GE11-P-19L2-S,1,19,2,7,1,2,2.0
GE11-P-19L2-S,1,19,2,8,5,6,2.8
GE11-P-20L1-L,1,20,1,1,6,7,2.83333333333
GE11-P-20L1-L,1,20,1,2,9,12,2.77777777778
GE11-P-20L1-L,1,20,1,3,14,16,2.85714285714
GE11-P-20L1-L,1,20,1,4,13,13,2.46153846154
GE11-P-20L1-L,1,20,1,5,18,20,2.77777777778
GE11-P-20L1-L,1,20,1,6,6,8,2.5
GE11-P-20L1-L,1,20,1,7,6,6,3.0
GE11-P-20L1-L,1,20,1,8,1,1,7.0
GE11-P-20L2-L,1,20,2,1,22,23,2.40909090909
GE11-P-20L2-L,1,20,2,2,24,30,2.16666666667
GE11-P-20L2-L,1,20,2,3,14,18,3.0
GE11-P-20L2-L,1,20,2,4,21,24,2.95238095238
GE11-P-20L2-L,1,20,2,5,16,17,3.125
GE11-P-20L2-L,1,20,2,6,13,14,4.76923076923
GE11-P-20L2-L,1,20,2,7,3,4,3.0
GE11-P-20L2-L,1,20,2,8,7,7,3.28571428571
